Kata Salah,Kata Benar
maliboro,malioboro
kulinr,kuliner
wisaa,wisata
layann,layanan
lokai,lokal
festifall,festival
sein,seni
hagra,harga
lanuan,lanuan
bummi,bumi
tikket,tiket
malamng,malang
lomblok,lombok
ralkyat,rakyat
linuran,liburan
edukatuf,edukatif
rekomendsai,rekomendasi
 tempatt,tempat
pasona,pesona
balanjaa,belanja
destanasi,destinasi
tarjan,terjun
seyiap,setiap
mengekspolrasi,mengeksplorasi
melanocng,melancong
pesawta,pesawat
alamm,alam
inadh,indah
menairk,menarik
brmoo,bromo
paonrama,panorama
jakatra,jakarta
budayya,budaya
 bojnegro,bojonegoro
romanstis,romantis
menaraik,menarik
suaasana,suasana
papau,papua
loaksi,lokasi
jakatra,jakarta
latu,laut
tenukan,temukan
raaj,raja
renagn,renang
panduann,panduan
bahasri,bahari
eksotsi,eksotis
kawahhh,kawah
musmi,musim
rekerasi,rekreasi
kulier,kuliner
hotle,hotel
bintagn,bintang
menakjubakn,menakjubkan
paonrama,panorama
faforit,favorit
jajjanan,jajanan
tradusi,tradisi
menyleam,menyelam
perayyann,perayaan
bandugg,bandung
luat,laut
keluraga,keluarga
pemndangan,pemandangan
isstiudat,istiadat
serru,seru
pengianapa,penginapan
khass,khas
mencicapi,mencicipi
tempay,tempat
kekayaann,kekayaan
modenr,modern
taradisi,tradisi
dairah,daerah
kotaah,kota
mluku,maluku
memukai,memulai
menaraik,menarik
klatan,klaten
tradisionll,tradisional
batuu,batu
pelestariain,pelestarian
semalma,semalam
gunugg,gunung
akomodisi,akomodasi
lombuk,lombok
muran,mural
trenggalk,trenggalek
kloam,kolam
laokasi,lokasi
hraga,harga
sumatura,sumatera
bangdung,bandung
trakini,terkini
pulauu,pulau
pista,pesta
tersembanyi,tersembunyi
prekemahan,perkemahan
bersejraah,bersejarah
bufaya,budaya
