Pesona Bukit Jaddih, Tebing Kapur dengan Danau Biru yang Cantik di Madura
Dulu Tempat Sampah, Kini Pantai Biru Bangkalan Jadi Destinasi Andalan
Tidak Ada Lagi Pungli di Wisata Alam Bukit Jaddih Bangkalan, Pengunjung Akui Makin Nyaman
Peserta Lomba Renang Pelajar di Wisata Alam Bukit Jaddih Membeludak, Dispora Bangkalan Batasi Kuota
Sejarah Masjid Agung Assyuhada Pamekasan, Simbol Perjuangan Mujahid Perang
Pengunjung Wisata di Pantai Talang Siring dan Jumiang Meningkat, Polres Pamekasan Gelar Operasi
Pasarean Joko Tarub, Destinasi Wisata Religi di Kabupaten Pamekasan yang Sarat Akan Nilai Sejarah
Viral Api Abadi Pamekasan Bikin Warga Penasaran, Suka Dipakai Masak Nasi dan Bakar Jagung
Info Wisata Pantai Jumiang Pamekasan: Lokasi, Rute, dan Aktivitas
Enggak Kalah Sama Kota Batu! Pamekasan Punya Bukit Kehi, Panoramanya Bikin Malas Pulang
Ini Pantai Camplong, Favorit Ngabuburit Anak Muda Sampang
Pengunjung Wisata Pantai Camplong Sampang Membeludak, Personel Gabungan Beri Pengamanan Ekstra
Pengunjung Pantai Camplong Sampang Membeludak, Satpolair Dirikan Posko SAR
Pantainya Tak Berpasir, Tapi Berbatu Karang Eksotis
Liburan Akhir Pekan di Pantai Ropet, Surga Pulau Gili Iyang yang Wajib Dikunjungi saat ke Sumenep
Masjid Jamik Sumenep Siap Gelar Salat Tarawih, Bakal Sediakan Takjil Gratis Selama Ramadan
Mengenal Gili Iyang di Sumenep, Pulau dengan Kadar Oksigen Terbaik Nomor 2 di Dunia
Sumenep Punya Tanah Lot Lho, tapi Tidak Ada Pura
Mengenal Gili Iyang, Pulau di Madura dengan Kadar Oksigen Tertinggi Kedua di Dunia
Masjid Jamik Sumenep, Masjid Tertua Dirancang Non Muslim Tionghoa
Pengunjung Pantai Lombang dan Slopeng Sumenep Membeludak, Ini PR Dinas Pariwisata
Pesona Pantai Lombang, Wisata Pantai Pasir Putih di Ujung Timur Madura
Live Music Wisata Pantai eKasoghi, Manjakan Pengunjung Lebaran Iduladha 2022
Wisatawan Mulai Banyak Kunjungi Pulau Gili Labak Sumenep, Jatuh Hati Pada Aktivitas Snorkeling
Gili Labak : Daya Tarik, Aktivitas, dan Rute
Ini Wisata Terindah di Sampang, Wajib Dikunjungi Saat di Madura
Riwayat Lon Malang, Pantai yang Sedang Hits di Madura
Harga Tiket, Fasilitas dan Lokasi Maps Wisata Pantai Lon Malang - Sampang
Mengunjungi Pantai Lon Malang, Sampang yang Dulu Dipenuhi Semak Semak
Air Terjun Toroan: Informasi Rute, Lokasi, dan Tips Berlibur
Air Terjun Toroan, Lokasi Wisata Air Terjun Di Tepi Pantai Nepa
Waduk Klampis, Melihat Pesona Indahnya Salah Satu Waduk di Madura
Pesona Waduk Klampis, Alternatif Wisata di Madura
Madura Memiliki Gua Lebar, Konon Jadi Tempat Pertapaan Pangeran Trunojoyo
Wisata Pantai Nepa, Menikmati Keindahan Pantai dan Hutan Keranya
Rekomendasi Destinasi Wisata Sampang, Syahdu dan Instagramable
Arosbaya, Bukit Kapur Cantik Mahakarya Manusia di Madura
Bukit Arosbaya, Pahatan Relief Menakjubkan di Tanah Madura
Jelajah Tempat Eksotis Alami di Hutan Mangrove Bangkalan, Madura
Berburu Keindahan Sunset Pantai Tengket Nan Eksotis, Surga Bagi Para Instagrammer
Pantai Tengket, Dusun Maneron, Kecamatan Sepulu, Kabupaten Bangkalan
Pantai Tengket, Wisata Bahari Tersembunyi di Pulau Madura
Pantai Biru Bangkalan, Destinasi Wisata Dari Bekas Pembuangan Sampah
Harga Tiket, Fasilitas dan Lokasi Maps Wisata Pantai Tlangoh - Bangkalan
Bukit Cinta, Destinasi Wisata Baru di Pamekasan yang Cocok untuk Foto foto
Bukit Brukoh, Wisata di Pamekasan Madura yang Populer dan Hits 2020
Wisata Bukit Brukoh Pamekasan, Surga Lokasi Selfie Bagi Wisatawan
Vihara Avalokitesvara Pamekasan, Vihara Unik dengan Pura Hindu dan Langgar di Dalamnya
3 Air Terjun Cantik di Pamekasan, Madura
Tak Hanya Satu, Di Pamekasan Terdapat 3 Wisata Air Terjun yang Bisa Kamu Kunjungi!
Tempat Wisata Pantai Batu Kerbuy dan Gua Blaban di Pamekasan, Yuk Mampir
Wisata Tebing Waru Pamekasan, Suguhkan Pemandangan Alam dan Keasrian Bumi Gerbang Salam
Panduan Wisata ke Pantai Sembilan Sumenep, Termasuk Tarif Homestay
Harga Tiket Masuk Bukit Tinggi Daramista, Wisata Hits di Jawa Timur
